{
  "user": {
    "total_users": 81556,
    "flagged_users": 12234,
    "true_positive": 7561,
    "false_positive": 4673,
    "false_negative": 24002,
    "true_negative": 45320,
    "precision": 0.618,
    "recall": 0.2396,
    "f1_score": 0.3453
  },
  "merchant": {
    "total_merchants": 162966,
    "flagged_merchants": 24337,
    "true_positive": 7795,
    "false_positive": 16542,
    "false_negative": 22517,
    "true_negative": 116112,
    "precision": 0.3203,
    "recall": 0.2572,
    "f1_score": 0.2853
  },
  "network": {
    "total_merchants": 162966,
    "flagged_merchants": 22564,
    "true_positive": 15197,
    "false_positive": 7367,
    "false_negative": 15115,
    "true_negative": 125287,
    "precision": 0.6735,
    "recall": 0.5014,
    "f1_score": 0.5748
  },
  "temporal": {
    "total_users": 81556,
    "flagged_users": 7170,
    "threshold": 40.0,
    "true_positive": 7119,
    "false_positive": 51,
    "false_negative": 24444,
    "true_negative": 49942,
    "precision": 0.9929,
    "recall": 0.2255,
    "f1_score": 0.3676
  },
  "velocity": {
    "total_merchants": 162966,
    "flagged_merchants": 345,
    "threshold": 45.0,
    "true_positive": 24,
    "false_positive": 321,
    "false_negative": 30288,
    "true_negative": 132333,
    "precision": 0.0696,
    "recall": 0.0008,
    "f1_score": 0.0016
  },
  "flow": {
    "total_merchants": 162966,
    "flagged_merchants": 44291,
    "threshold": 40.0,
    "true_positive": 28769,
    "false_positive": 15522,
    "false_negative": 1543,
    "true_negative": 117132,
    "precision": 0.6495,
    "recall": 0.9491,
    "f1_score": 0.7713
  },
  "combined": {
    "total_transactions": 500000,
    "flagged_transactions": 312738,
    "threshold": 50.0,
    "true_positive": 45121,
    "false_positive": 267617,
    "false_negative": 29879,
    "true_negative": 157383,
    "precision": 0.1443,
    "recall": 0.6016,
    "f1_score": 0.2327,
    "risk_distribution": {
      "Suspicious": 307216,
      "Normal": 190255,
      "High Risk": 2510,
      "Critical": 19
    },
    "avg_score_normal": 41.5,
    "avg_score_judol": 51.17
  },
  "timings": {
    "user": 168.91899347305298,
    "merchant": 269.562127828598,
    "network": 122.98785400390625,
    "temporal": 93.00251579284668,
    "velocity": 0.9184315204620361,
    "flow": 117.00230288505554
  }
}